profile,type,state,time,price,source
baseload,black,NSW,1/01/2022,183,actual
baseload,black,VIC,1/01/2022,134,actual
baseload,black,QLD,1/01/2022,205,actual
baseload,black,SA,1/01/2022,156,actual
solar,black,NSW,1/01/2022,107,actual
solar,black,VIC,1/01/2022,57,actual
solar,black,QLD,1/01/2022,98,actual
solar,black,SA,1/01/2022,57,actual
solar,green,NSW,1/01/2022,48,actual
solar,green,VIC,1/01/2022,48,actual
solar,green,QLD,1/01/2022,48,actual
solar,green,SA,1/01/2022,48,actual
wind,black,NSW,1/01/2022,182,actual
wind,black,VIC,1/01/2022,110,actual
wind,black,QLD,1/01/2022,196,actual
wind,black,SA,1/01/2022,114,actual
wind,green,NSW,1/01/2022,48,actual
wind,green,VIC,1/01/2022,48,actual
wind,green,QLD,1/01/2022,48,actual
wind,green,SA,1/01/2022,48,actual
baseload,black,NSW,1/02/2022,96,actual
baseload,black,VIC,1/02/2022,55,actual
baseload,black,QLD,1/02/2022,91,actual
baseload,black,SA,1/02/2022,80,actual
solar,black,NSW,1/02/2022,50,actual
solar,black,VIC,1/02/2022,1,actual
solar,black,QLD,1/02/2022,27,actual
solar,black,SA,1/02/2022,7,actual
solar,green,NSW,1/02/2022,53,actual
solar,green,VIC,1/02/2022,53,actual
solar,green,QLD,1/02/2022,53,actual
solar,green,SA,1/02/2022,53,actual
wind,black,NSW,1/02/2022,88,actual
wind,black,VIC,1/02/2022,35,actual
wind,black,QLD,1/02/2022,87,actual
wind,black,SA,1/02/2022,49,actual
wind,green,NSW,1/02/2022,53,actual
wind,green,VIC,1/02/2022,53,actual
wind,green,QLD,1/02/2022,53,actual
wind,green,SA,1/02/2022,53,actual
baseload,black,NSW,1/03/2022,100,forecast
baseload,black,VIC,1/03/2022,81,forecast
baseload,black,QLD,1/03/2022,100,forecast
baseload,black,SA,1/03/2022,82,forecast
solar,black,NSW,1/03/2022,52,forecast
solar,black,VIC,1/03/2022,44,forecast
solar,black,QLD,1/03/2022,51,forecast
solar,black,SA,1/03/2022,36,forecast
solar,green,NSW,1/03/2022,36,forecast
solar,green,VIC,1/03/2022,36,forecast
solar,green,QLD,1/03/2022,36,forecast
solar,green,SA,1/03/2022,36,forecast
wind,black,NSW,1/03/2022,101,forecast
wind,black,VIC,1/03/2022,55,forecast
wind,black,QLD,1/03/2022,106,forecast
wind,black,SA,1/03/2022,52,forecast
wind,green,NSW,1/03/2022,36,forecast
wind,green,VIC,1/03/2022,36,forecast
wind,green,QLD,1/03/2022,36,forecast
wind,green,SA,1/03/2022,36,forecast
baseload,black,NSW,1/04/2022,101,forecast
baseload,black,VIC,1/04/2022,82,forecast
baseload,black,QLD,1/04/2022,101,forecast
baseload,black,SA,1/04/2022,83,forecast
solar,black,NSW,1/04/2022,52,forecast
solar,black,VIC,1/04/2022,44,forecast
solar,black,QLD,1/04/2022,51,forecast
solar,black,SA,1/04/2022,37,forecast
solar,green,NSW,1/04/2022,35,forecast
solar,green,VIC,1/04/2022,35,forecast
solar,green,QLD,1/04/2022,35,forecast
solar,green,SA,1/04/2022,35,forecast
wind,black,NSW,1/04/2022,102,forecast
wind,black,VIC,1/04/2022,56,forecast
wind,black,QLD,1/04/2022,107,forecast
wind,black,SA,1/04/2022,52,forecast
wind,green,NSW,1/04/2022,35,forecast
wind,green,VIC,1/04/2022,35,forecast
wind,green,QLD,1/04/2022,35,forecast
wind,green,SA,1/04/2022,35,forecast
baseload,black,NSW,1/05/2022,105,forecast
baseload,black,VIC,1/05/2022,78,forecast
baseload,black,QLD,1/05/2022,92,forecast
baseload,black,SA,1/05/2022,83,forecast
solar,black,NSW,1/05/2022,56,forecast
solar,black,VIC,1/05/2022,44,forecast
solar,black,QLD,1/05/2022,42,forecast
solar,black,SA,1/05/2022,51,forecast
solar,green,NSW,1/05/2022,27,forecast
solar,green,VIC,1/05/2022,27,forecast
solar,green,QLD,1/05/2022,27,forecast
solar,green,SA,1/05/2022,27,forecast
wind,black,NSW,1/05/2022,103,forecast
wind,black,VIC,1/05/2022,52,forecast
wind,black,QLD,1/05/2022,95,forecast
wind,black,SA,1/05/2022,48,forecast
wind,green,NSW,1/05/2022,27,forecast
wind,green,VIC,1/05/2022,27,forecast
wind,green,QLD,1/05/2022,27,forecast
wind,green,SA,1/05/2022,27,forecast
baseload,black,NSW,1/06/2022,91,forecast
baseload,black,VIC,1/06/2022,77,forecast
baseload,black,QLD,1/06/2022,81,forecast
baseload,black,SA,1/06/2022,92,forecast
solar,black,NSW,1/06/2022,48,forecast
solar,black,VIC,1/06/2022,47,forecast
solar,black,QLD,1/06/2022,30,forecast
solar,black,SA,1/06/2022,56,forecast
solar,green,NSW,1/06/2022,22,forecast
solar,green,VIC,1/06/2022,22,forecast
solar,green,QLD,1/06/2022,22,forecast
solar,green,SA,1/06/2022,22,forecast
wind,black,NSW,1/06/2022,89,forecast
wind,black,VIC,1/06/2022,56,forecast
wind,black,QLD,1/06/2022,84,forecast
wind,black,SA,1/06/2022,56,forecast
wind,green,NSW,1/06/2022,22,forecast
wind,green,VIC,1/06/2022,22,forecast
wind,green,QLD,1/06/2022,22,forecast
wind,green,SA,1/06/2022,22,forecast
baseload,black,NSW,1/07/2022,98,forecast
baseload,black,VIC,1/07/2022,87,forecast
baseload,black,QLD,1/07/2022,82,forecast
baseload,black,SA,1/07/2022,86,forecast
solar,black,NSW,1/07/2022,55,forecast
solar,black,VIC,1/07/2022,51,forecast
solar,black,QLD,1/07/2022,32,forecast
solar,black,SA,1/07/2022,50,forecast
solar,green,NSW,1/07/2022,19,forecast
solar,green,VIC,1/07/2022,19,forecast
solar,green,QLD,1/07/2022,19,forecast
solar,green,SA,1/07/2022,19,forecast
wind,black,NSW,1/07/2022,95,forecast
wind,black,VIC,1/07/2022,65,forecast
wind,black,QLD,1/07/2022,83,forecast
wind,black,SA,1/07/2022,68,forecast
wind,green,NSW,1/07/2022,19,forecast
wind,green,VIC,1/07/2022,19,forecast
wind,green,QLD,1/07/2022,19,forecast
wind,green,SA,1/07/2022,19,forecast
baseload,black,NSW,1/08/2022,103,forecast
baseload,black,VIC,1/08/2022,101,forecast
baseload,black,QLD,1/08/2022,79,forecast
baseload,black,SA,1/08/2022,100,forecast
solar,black,NSW,1/08/2022,51,forecast
solar,black,VIC,1/08/2022,57,forecast
solar,black,QLD,1/08/2022,28,forecast
solar,black,SA,1/08/2022,59,forecast
solar,green,NSW,1/08/2022,15,forecast
solar,green,VIC,1/08/2022,15,forecast
solar,green,QLD,1/08/2022,15,forecast
solar,green,SA,1/08/2022,15,forecast
wind,black,NSW,1/08/2022,97,forecast
wind,black,VIC,1/08/2022,79,forecast
wind,black,QLD,1/08/2022,81,forecast
wind,black,SA,1/08/2022,80,forecast
wind,green,NSW,1/08/2022,15,forecast
wind,green,VIC,1/08/2022,15,forecast
wind,green,QLD,1/08/2022,15,forecast
wind,green,SA,1/08/2022,15,forecast
baseload,black,NSW,1/09/2022,90,forecast
baseload,black,VIC,1/09/2022,94,forecast
baseload,black,QLD,1/09/2022,76,forecast
baseload,black,SA,1/09/2022,95,forecast
solar,black,NSW,1/09/2022,48,forecast
solar,black,VIC,1/09/2022,52,forecast
solar,black,QLD,1/09/2022,29,forecast
solar,black,SA,1/09/2022,55,forecast
solar,green,NSW,1/09/2022,13,forecast
solar,green,VIC,1/09/2022,13,forecast
solar,green,QLD,1/09/2022,13,forecast
solar,green,SA,1/09/2022,13,forecast
wind,black,NSW,1/09/2022,84,forecast
wind,black,VIC,1/09/2022,77,forecast
wind,black,QLD,1/09/2022,75,forecast
wind,black,SA,1/09/2022,75,forecast
wind,green,NSW,1/09/2022,13,forecast
wind,green,VIC,1/09/2022,13,forecast
wind,green,QLD,1/09/2022,13,forecast
wind,green,SA,1/09/2022,13,forecast
baseload,black,NSW,1/10/2022,90,forecast
baseload,black,VIC,1/10/2022,94,forecast
baseload,black,QLD,1/10/2022,76,forecast
baseload,black,SA,1/10/2022,95,forecast
solar,black,NSW,1/10/2022,48,forecast
solar,black,VIC,1/10/2022,52,forecast
solar,black,QLD,1/10/2022,29,forecast
solar,black,SA,1/10/2022,55,forecast
solar,green,NSW,1/10/2022,13,forecast
solar,green,VIC,1/10/2022,13,forecast
solar,green,QLD,1/10/2022,13,forecast
solar,green,SA,1/10/2022,13,forecast
wind,black,NSW,1/10/2022,84,forecast
wind,black,VIC,1/10/2022,77,forecast
wind,black,QLD,1/10/2022,75,forecast
wind,black,SA,1/10/2022,75,forecast
wind,green,NSW,1/10/2022,13,forecast
wind,green,VIC,1/10/2022,13,forecast
wind,green,QLD,1/10/2022,13,forecast
wind,green,SA,1/10/2022,13,forecast
baseload,black,NSW,1/11/2022,90,forecast
baseload,black,VIC,1/11/2022,94,forecast
baseload,black,QLD,1/11/2022,76,forecast
baseload,black,SA,1/11/2022,95,forecast
solar,black,NSW,1/11/2022,48,forecast
solar,black,VIC,1/11/2022,52,forecast
solar,black,QLD,1/11/2022,29,forecast
solar,black,SA,1/11/2022,55,forecast
solar,green,NSW,1/11/2022,13,forecast
solar,green,VIC,1/11/2022,13,forecast
solar,green,QLD,1/11/2022,13,forecast
solar,green,SA,1/11/2022,13,forecast
wind,black,NSW,1/11/2022,84,forecast
wind,black,VIC,1/11/2022,77,forecast
wind,black,QLD,1/11/2022,75,forecast
wind,black,SA,1/11/2022,75,forecast
wind,green,NSW,1/11/2022,13,forecast
wind,green,VIC,1/11/2022,13,forecast
wind,green,QLD,1/11/2022,13,forecast
wind,green,SA,1/11/2022,13,forecast
baseload,black,NSW,1/12/2022,90,forecast
baseload,black,VIC,1/12/2022,94,forecast
baseload,black,QLD,1/12/2022,76,forecast
baseload,black,SA,1/12/2022,95,forecast
solar,black,NSW,1/12/2022,48,forecast
solar,black,VIC,1/12/2022,52,forecast
solar,black,QLD,1/12/2022,29,forecast
solar,black,SA,1/12/2022,55,forecast
solar,green,NSW,1/12/2022,13,forecast
solar,green,VIC,1/12/2022,13,forecast
solar,green,QLD,1/12/2022,13,forecast
solar,green,SA,1/12/2022,13,forecast
wind,black,NSW,1/12/2022,84,forecast
wind,black,VIC,1/12/2022,77,forecast
wind,black,QLD,1/12/2022,75,forecast
wind,black,SA,1/12/2022,75,forecast
wind,green,NSW,1/12/2022,13,forecast
wind,green,VIC,1/12/2022,13,forecast
wind,green,QLD,1/12/2022,13,forecast
wind,green,SA,1/12/2022,13,forecast
baseload,black,NSW,1/01/2023,90,forecast
baseload,black,VIC,1/01/2023,94,forecast
baseload,black,QLD,1/01/2023,76,forecast
baseload,black,SA,1/01/2023,95,forecast
solar,black,NSW,1/01/2023,48,forecast
solar,black,VIC,1/01/2023,52,forecast
solar,black,QLD,1/01/2023,29,forecast
solar,black,SA,1/01/2023,55,forecast
solar,green,NSW,1/01/2023,13,forecast
solar,green,VIC,1/01/2023,13,forecast
solar,green,QLD,1/01/2023,13,forecast
solar,green,SA,1/01/2023,13,forecast
wind,black,NSW,1/01/2023,84,forecast
wind,black,VIC,1/01/2023,77,forecast
wind,black,QLD,1/01/2023,75,forecast
wind,black,SA,1/01/2023,75,forecast
wind,green,NSW,1/01/2023,13,forecast
wind,green,VIC,1/01/2023,13,forecast
wind,green,QLD,1/01/2023,13,forecast
wind,green,SA,1/01/2023,13,forecast
baseload,black,NSW,1/02/2023,90,forecast
baseload,black,VIC,1/02/2023,94,forecast
baseload,black,QLD,1/02/2023,76,forecast
baseload,black,SA,1/02/2023,95,forecast
solar,black,NSW,1/02/2023,48,forecast
solar,black,VIC,1/02/2023,52,forecast
solar,black,QLD,1/02/2023,29,forecast
solar,black,SA,1/02/2023,55,forecast
solar,green,NSW,1/02/2023,13,forecast
solar,green,VIC,1/02/2023,13,forecast
solar,green,QLD,1/02/2023,13,forecast
solar,green,SA,1/02/2023,13,forecast
wind,black,NSW,1/02/2023,84,forecast
wind,black,VIC,1/02/2023,77,forecast
wind,black,QLD,1/02/2023,75,forecast
wind,black,SA,1/02/2023,75,forecast
wind,green,NSW,1/02/2023,13,forecast
wind,green,VIC,1/02/2023,13,forecast
wind,green,QLD,1/02/2023,13,forecast
wind,green,SA,1/02/2023,13,forecast
baseload,black,NSW,1/03/2023,90,forecast
baseload,black,VIC,1/03/2023,94,forecast
baseload,black,QLD,1/03/2023,76,forecast
baseload,black,SA,1/03/2023,95,forecast
solar,black,NSW,1/03/2023,48,forecast
solar,black,VIC,1/03/2023,52,forecast
solar,black,QLD,1/03/2023,29,forecast
solar,black,SA,1/03/2023,55,forecast
solar,green,NSW,1/03/2023,13,forecast
solar,green,VIC,1/03/2023,13,forecast
solar,green,QLD,1/03/2023,13,forecast
solar,green,SA,1/03/2023,13,forecast
wind,black,NSW,1/03/2023,84,forecast
wind,black,VIC,1/03/2023,77,forecast
wind,black,QLD,1/03/2023,75,forecast
wind,black,SA,1/03/2023,75,forecast
wind,green,NSW,1/03/2023,13,forecast
wind,green,VIC,1/03/2023,13,forecast
wind,green,QLD,1/03/2023,13,forecast
wind,green,SA,1/03/2023,13,forecast
baseload,black,NSW,1/04/2023,90,forecast
baseload,black,VIC,1/04/2023,94,forecast
baseload,black,QLD,1/04/2023,76,forecast
baseload,black,SA,1/04/2023,95,forecast
solar,black,NSW,1/04/2023,48,forecast
solar,black,VIC,1/04/2023,52,forecast
solar,black,QLD,1/04/2023,29,forecast
solar,black,SA,1/04/2023,55,forecast
solar,green,NSW,1/04/2023,13,forecast
solar,green,VIC,1/04/2023,13,forecast
solar,green,QLD,1/04/2023,13,forecast
solar,green,SA,1/04/2023,13,forecast
wind,black,NSW,1/04/2023,84,forecast
wind,black,VIC,1/04/2023,77,forecast
wind,black,QLD,1/04/2023,75,forecast
wind,black,SA,1/04/2023,75,forecast
wind,green,NSW,1/04/2023,13,forecast
wind,green,VIC,1/04/2023,13,forecast
wind,green,QLD,1/04/2023,13,forecast
wind,green,SA,1/04/2023,13,forecast
baseload,black,NSW,1/05/2023,90,forecast
baseload,black,VIC,1/05/2023,94,forecast
baseload,black,QLD,1/05/2023,76,forecast
baseload,black,SA,1/05/2023,95,forecast
solar,black,NSW,1/05/2023,48,forecast
solar,black,VIC,1/05/2023,52,forecast
solar,black,QLD,1/05/2023,29,forecast
solar,black,SA,1/05/2023,55,forecast
solar,green,NSW,1/05/2023,13,forecast
solar,green,VIC,1/05/2023,13,forecast
solar,green,QLD,1/05/2023,13,forecast
solar,green,SA,1/05/2023,13,forecast
wind,black,NSW,1/05/2023,84,forecast
wind,black,VIC,1/05/2023,77,forecast
wind,black,QLD,1/05/2023,75,forecast
wind,black,SA,1/05/2023,75,forecast
wind,green,NSW,1/05/2023,13,forecast
wind,green,VIC,1/05/2023,13,forecast
wind,green,QLD,1/05/2023,13,forecast
wind,green,SA,1/05/2023,13,forecast
baseload,black,NSW,1/06/2023,90,forecast
baseload,black,VIC,1/06/2023,94,forecast
baseload,black,QLD,1/06/2023,76,forecast
baseload,black,SA,1/06/2023,95,forecast
solar,black,NSW,1/06/2023,48,forecast
solar,black,VIC,1/06/2023,52,forecast
solar,black,QLD,1/06/2023,29,forecast
solar,black,SA,1/06/2023,55,forecast
solar,green,NSW,1/06/2023,13,forecast
solar,green,VIC,1/06/2023,13,forecast
solar,green,QLD,1/06/2023,13,forecast
solar,green,SA,1/06/2023,13,forecast
wind,black,NSW,1/06/2023,84,forecast
wind,black,VIC,1/06/2023,77,forecast
wind,black,QLD,1/06/2023,75,forecast
wind,black,SA,1/06/2023,75,forecast
wind,green,NSW,1/06/2023,13,forecast
wind,green,VIC,1/06/2023,13,forecast
wind,green,QLD,1/06/2023,13,forecast
wind,green,SA,1/06/2023,13,forecast
baseload,black,NSW,1/07/2023,90,forecast
baseload,black,VIC,1/07/2023,94,forecast
baseload,black,QLD,1/07/2023,76,forecast
baseload,black,SA,1/07/2023,95,forecast
solar,black,NSW,1/07/2023,48,forecast
solar,black,VIC,1/07/2023,52,forecast
solar,black,QLD,1/07/2023,29,forecast
solar,black,SA,1/07/2023,55,forecast
solar,green,NSW,1/07/2023,13,forecast
solar,green,VIC,1/07/2023,13,forecast
solar,green,QLD,1/07/2023,13,forecast
solar,green,SA,1/07/2023,13,forecast
wind,black,NSW,1/07/2023,84,forecast
wind,black,VIC,1/07/2023,77,forecast
wind,black,QLD,1/07/2023,75,forecast
wind,black,SA,1/07/2023,75,forecast
wind,green,NSW,1/07/2023,13,forecast
wind,green,VIC,1/07/2023,13,forecast
wind,green,QLD,1/07/2023,13,forecast
wind,green,SA,1/07/2023,13,forecast
baseload,black,NSW,1/08/2023,90,forecast
baseload,black,VIC,1/08/2023,94,forecast
baseload,black,QLD,1/08/2023,76,forecast
baseload,black,SA,1/08/2023,95,forecast
solar,black,NSW,1/08/2023,48,forecast
solar,black,VIC,1/08/2023,52,forecast
solar,black,QLD,1/08/2023,29,forecast
solar,black,SA,1/08/2023,55,forecast
solar,green,NSW,1/08/2023,13,forecast
solar,green,VIC,1/08/2023,13,forecast
solar,green,QLD,1/08/2023,13,forecast
solar,green,SA,1/08/2023,13,forecast
wind,black,NSW,1/08/2023,84,forecast
wind,black,VIC,1/08/2023,77,forecast
wind,black,QLD,1/08/2023,75,forecast
wind,black,SA,1/08/2023,75,forecast
wind,green,NSW,1/08/2023,13,forecast
wind,green,VIC,1/08/2023,13,forecast
wind,green,QLD,1/08/2023,13,forecast
wind,green,SA,1/08/2023,13,forecast
baseload,black,NSW,1/09/2023,90,forecast
baseload,black,VIC,1/09/2023,94,forecast
baseload,black,QLD,1/09/2023,76,forecast
baseload,black,SA,1/09/2023,95,forecast
solar,black,NSW,1/09/2023,48,forecast
solar,black,VIC,1/09/2023,52,forecast
solar,black,QLD,1/09/2023,29,forecast
solar,black,SA,1/09/2023,55,forecast
solar,green,NSW,1/09/2023,13,forecast
solar,green,VIC,1/09/2023,13,forecast
solar,green,QLD,1/09/2023,13,forecast
solar,green,SA,1/09/2023,13,forecast
wind,black,NSW,1/09/2023,84,forecast
wind,black,VIC,1/09/2023,77,forecast
wind,black,QLD,1/09/2023,75,forecast
wind,black,SA,1/09/2023,75,forecast
wind,green,NSW,1/09/2023,13,forecast
wind,green,VIC,1/09/2023,13,forecast
wind,green,QLD,1/09/2023,13,forecast
wind,green,SA,1/09/2023,13,forecast
baseload,black,NSW,1/10/2023,90,forecast
baseload,black,VIC,1/10/2023,94,forecast
baseload,black,QLD,1/10/2023,76,forecast
baseload,black,SA,1/10/2023,95,forecast
solar,black,NSW,1/10/2023,48,forecast
solar,black,VIC,1/10/2023,52,forecast
solar,black,QLD,1/10/2023,29,forecast
solar,black,SA,1/10/2023,55,forecast
solar,green,NSW,1/10/2023,13,forecast
solar,green,VIC,1/10/2023,13,forecast
solar,green,QLD,1/10/2023,13,forecast
solar,green,SA,1/10/2023,13,forecast
wind,black,NSW,1/10/2023,84,forecast
wind,black,VIC,1/10/2023,77,forecast
wind,black,QLD,1/10/2023,75,forecast
wind,black,SA,1/10/2023,75,forecast
wind,green,NSW,1/10/2023,13,forecast
wind,green,VIC,1/10/2023,13,forecast
wind,green,QLD,1/10/2023,13,forecast
wind,green,SA,1/10/2023,13,forecast
baseload,black,NSW,1/11/2023,90,forecast
baseload,black,VIC,1/11/2023,94,forecast
baseload,black,QLD,1/11/2023,76,forecast
baseload,black,SA,1/11/2023,95,forecast
solar,black,NSW,1/11/2023,48,forecast
solar,black,VIC,1/11/2023,52,forecast
solar,black,QLD,1/11/2023,29,forecast
solar,black,SA,1/11/2023,55,forecast
solar,green,NSW,1/11/2023,13,forecast
solar,green,VIC,1/11/2023,13,forecast
solar,green,QLD,1/11/2023,13,forecast
solar,green,SA,1/11/2023,13,forecast
wind,black,NSW,1/11/2023,84,forecast
wind,black,VIC,1/11/2023,77,forecast
wind,black,QLD,1/11/2023,75,forecast
wind,black,SA,1/11/2023,75,forecast
wind,green,NSW,1/11/2023,13,forecast
wind,green,VIC,1/11/2023,13,forecast
wind,green,QLD,1/11/2023,13,forecast
wind,green,SA,1/11/2023,13,forecast
baseload,black,NSW,1/12/2023,90,forecast
baseload,black,VIC,1/12/2023,94,forecast
baseload,black,QLD,1/12/2023,76,forecast
baseload,black,SA,1/12/2023,95,forecast
solar,black,NSW,1/12/2023,48,forecast
solar,black,VIC,1/12/2023,52,forecast
solar,black,QLD,1/12/2023,29,forecast
solar,black,SA,1/12/2023,55,forecast
solar,green,NSW,1/12/2023,13,forecast
solar,green,VIC,1/12/2023,13,forecast
solar,green,QLD,1/12/2023,13,forecast
solar,green,SA,1/12/2023,13,forecast
wind,black,NSW,1/12/2023,84,forecast
wind,black,VIC,1/12/2023,77,forecast
wind,black,QLD,1/12/2023,75,forecast
wind,black,SA,1/12/2023,75,forecast
wind,green,NSW,1/12/2023,13,forecast
wind,green,VIC,1/12/2023,13,forecast
wind,green,QLD,1/12/2023,13,forecast
wind,green,SA,1/12/2023,13,forecast
baseload,black,NSW,1/01/2024,90,forecast
baseload,black,VIC,1/01/2024,94,forecast
baseload,black,QLD,1/01/2024,76,forecast
baseload,black,SA,1/01/2024,95,forecast
solar,black,NSW,1/01/2024,48,forecast
solar,black,VIC,1/01/2024,52,forecast
solar,black,QLD,1/01/2024,29,forecast
solar,black,SA,1/01/2024,55,forecast
solar,green,NSW,1/01/2024,13,forecast
solar,green,VIC,1/01/2024,13,forecast
solar,green,QLD,1/01/2024,13,forecast
solar,green,SA,1/01/2024,13,forecast
wind,black,NSW,1/01/2024,84,forecast
wind,black,VIC,1/01/2024,77,forecast
wind,black,QLD,1/01/2024,75,forecast
wind,black,SA,1/01/2024,75,forecast
wind,green,NSW,1/01/2024,13,forecast
wind,green,VIC,1/01/2024,13,forecast
wind,green,QLD,1/01/2024,13,forecast
wind,green,SA,1/01/2024,13,forecast
baseload,black,NSW,1/02/2024,90,forecast
baseload,black,VIC,1/02/2024,94,forecast
baseload,black,QLD,1/02/2024,76,forecast
baseload,black,SA,1/02/2024,95,forecast
solar,black,NSW,1/02/2024,48,forecast
solar,black,VIC,1/02/2024,52,forecast
solar,black,QLD,1/02/2024,29,forecast
solar,black,SA,1/02/2024,55,forecast
solar,green,NSW,1/02/2024,13,forecast
solar,green,VIC,1/02/2024,13,forecast
solar,green,QLD,1/02/2024,13,forecast
solar,green,SA,1/02/2024,13,forecast
wind,black,NSW,1/02/2024,84,forecast
wind,black,VIC,1/02/2024,77,forecast
wind,black,QLD,1/02/2024,75,forecast
wind,black,SA,1/02/2024,75,forecast
wind,green,NSW,1/02/2024,13,forecast
wind,green,VIC,1/02/2024,13,forecast
wind,green,QLD,1/02/2024,13,forecast
wind,green,SA,1/02/2024,13,forecast
baseload,black,NSW,1/03/2024,90,forecast
baseload,black,VIC,1/03/2024,94,forecast
baseload,black,QLD,1/03/2024,76,forecast
baseload,black,SA,1/03/2024,95,forecast
solar,black,NSW,1/03/2024,48,forecast
solar,black,VIC,1/03/2024,52,forecast
solar,black,QLD,1/03/2024,29,forecast
solar,black,SA,1/03/2024,55,forecast
solar,green,NSW,1/03/2024,13,forecast
solar,green,VIC,1/03/2024,13,forecast
solar,green,QLD,1/03/2024,13,forecast
solar,green,SA,1/03/2024,13,forecast
wind,black,NSW,1/03/2024,84,forecast
wind,black,VIC,1/03/2024,77,forecast
wind,black,QLD,1/03/2024,75,forecast
wind,black,SA,1/03/2024,75,forecast
wind,green,NSW,1/03/2024,13,forecast
wind,green,VIC,1/03/2024,13,forecast
wind,green,QLD,1/03/2024,13,forecast
wind,green,SA,1/03/2024,13,forecast
baseload,black,NSW,1/04/2024,90,forecast
baseload,black,VIC,1/04/2024,94,forecast
baseload,black,QLD,1/04/2024,76,forecast
baseload,black,SA,1/04/2024,95,forecast
solar,black,NSW,1/04/2024,48,forecast
solar,black,VIC,1/04/2024,52,forecast
solar,black,QLD,1/04/2024,29,forecast
solar,black,SA,1/04/2024,55,forecast
solar,green,NSW,1/04/2024,13,forecast
solar,green,VIC,1/04/2024,13,forecast
solar,green,QLD,1/04/2024,13,forecast
solar,green,SA,1/04/2024,13,forecast
wind,black,NSW,1/04/2024,84,forecast
wind,black,VIC,1/04/2024,77,forecast
wind,black,QLD,1/04/2024,75,forecast
wind,black,SA,1/04/2024,75,forecast
wind,green,NSW,1/04/2024,13,forecast
wind,green,VIC,1/04/2024,13,forecast
wind,green,QLD,1/04/2024,13,forecast
wind,green,SA,1/04/2024,13,forecast
baseload,black,NSW,1/05/2024,90,forecast
baseload,black,VIC,1/05/2024,94,forecast
baseload,black,QLD,1/05/2024,76,forecast
baseload,black,SA,1/05/2024,95,forecast
solar,black,NSW,1/05/2024,48,forecast
solar,black,VIC,1/05/2024,52,forecast
solar,black,QLD,1/05/2024,29,forecast
solar,black,SA,1/05/2024,55,forecast
solar,green,NSW,1/05/2024,13,forecast
solar,green,VIC,1/05/2024,13,forecast
solar,green,QLD,1/05/2024,13,forecast
solar,green,SA,1/05/2024,13,forecast
wind,black,NSW,1/05/2024,84,forecast
wind,black,VIC,1/05/2024,77,forecast
wind,black,QLD,1/05/2024,75,forecast
wind,black,SA,1/05/2024,75,forecast
wind,green,NSW,1/05/2024,13,forecast
wind,green,VIC,1/05/2024,13,forecast
wind,green,QLD,1/05/2024,13,forecast
wind,green,SA,1/05/2024,13,forecast
baseload,black,NSW,1/06/2024,90,forecast
baseload,black,VIC,1/06/2024,94,forecast
baseload,black,QLD,1/06/2024,76,forecast
baseload,black,SA,1/06/2024,95,forecast
solar,black,NSW,1/06/2024,48,forecast
solar,black,VIC,1/06/2024,52,forecast
solar,black,QLD,1/06/2024,29,forecast
solar,black,SA,1/06/2024,55,forecast
solar,green,NSW,1/06/2024,13,forecast
solar,green,VIC,1/06/2024,13,forecast
solar,green,QLD,1/06/2024,13,forecast
solar,green,SA,1/06/2024,13,forecast
wind,black,NSW,1/06/2024,84,forecast
wind,black,VIC,1/06/2024,77,forecast
wind,black,QLD,1/06/2024,75,forecast
wind,black,SA,1/06/2024,75,forecast
wind,green,NSW,1/06/2024,13,forecast
wind,green,VIC,1/06/2024,13,forecast
wind,green,QLD,1/06/2024,13,forecast
wind,green,SA,1/06/2024,13,forecast
baseload,black,NSW,1/07/2024,90,forecast
baseload,black,VIC,1/07/2024,94,forecast
baseload,black,QLD,1/07/2024,76,forecast
baseload,black,SA,1/07/2024,95,forecast
solar,black,NSW,1/07/2024,48,forecast
solar,black,VIC,1/07/2024,52,forecast
solar,black,QLD,1/07/2024,29,forecast
solar,black,SA,1/07/2024,55,forecast
solar,green,NSW,1/07/2024,13,forecast
solar,green,VIC,1/07/2024,13,forecast
solar,green,QLD,1/07/2024,13,forecast
solar,green,SA,1/07/2024,13,forecast
wind,black,NSW,1/07/2024,84,forecast
wind,black,VIC,1/07/2024,77,forecast
wind,black,QLD,1/07/2024,75,forecast
wind,black,SA,1/07/2024,75,forecast
wind,green,NSW,1/07/2024,13,forecast
wind,green,VIC,1/07/2024,13,forecast
wind,green,QLD,1/07/2024,13,forecast
wind,green,SA,1/07/2024,13,forecast
baseload,black,NSW,1/08/2024,90,forecast
baseload,black,VIC,1/08/2024,94,forecast
baseload,black,QLD,1/08/2024,76,forecast
baseload,black,SA,1/08/2024,95,forecast
solar,black,NSW,1/08/2024,48,forecast
solar,black,VIC,1/08/2024,52,forecast
solar,black,QLD,1/08/2024,29,forecast
solar,black,SA,1/08/2024,55,forecast
solar,green,NSW,1/08/2024,13,forecast
solar,green,VIC,1/08/2024,13,forecast
solar,green,QLD,1/08/2024,13,forecast
solar,green,SA,1/08/2024,13,forecast
wind,black,NSW,1/08/2024,84,forecast
wind,black,VIC,1/08/2024,77,forecast
wind,black,QLD,1/08/2024,75,forecast
wind,black,SA,1/08/2024,75,forecast
wind,green,NSW,1/08/2024,13,forecast
wind,green,VIC,1/08/2024,13,forecast
wind,green,QLD,1/08/2024,13,forecast
wind,green,SA,1/08/2024,13,forecast
baseload,black,NSW,1/09/2024,90,forecast
baseload,black,VIC,1/09/2024,94,forecast
baseload,black,QLD,1/09/2024,76,forecast
baseload,black,SA,1/09/2024,95,forecast
solar,black,NSW,1/09/2024,48,forecast
solar,black,VIC,1/09/2024,52,forecast
solar,black,QLD,1/09/2024,29,forecast
solar,black,SA,1/09/2024,55,forecast
solar,green,NSW,1/09/2024,13,forecast
solar,green,VIC,1/09/2024,13,forecast
solar,green,QLD,1/09/2024,13,forecast
solar,green,SA,1/09/2024,13,forecast
wind,black,NSW,1/09/2024,84,forecast
wind,black,VIC,1/09/2024,77,forecast
wind,black,QLD,1/09/2024,75,forecast
wind,black,SA,1/09/2024,75,forecast
wind,green,NSW,1/09/2024,13,forecast
wind,green,VIC,1/09/2024,13,forecast
wind,green,QLD,1/09/2024,13,forecast
wind,green,SA,1/09/2024,13,forecast
baseload,black,NSW,1/10/2024,90,forecast
baseload,black,VIC,1/10/2024,94,forecast
baseload,black,QLD,1/10/2024,76,forecast
baseload,black,SA,1/10/2024,95,forecast
solar,black,NSW,1/10/2024,48,forecast
solar,black,VIC,1/10/2024,52,forecast
solar,black,QLD,1/10/2024,29,forecast
solar,black,SA,1/10/2024,55,forecast
solar,green,NSW,1/10/2024,13,forecast
solar,green,VIC,1/10/2024,13,forecast
solar,green,QLD,1/10/2024,13,forecast
solar,green,SA,1/10/2024,13,forecast
wind,black,NSW,1/10/2024,84,forecast
wind,black,VIC,1/10/2024,77,forecast
wind,black,QLD,1/10/2024,75,forecast
wind,black,SA,1/10/2024,75,forecast
wind,green,NSW,1/10/2024,13,forecast
wind,green,VIC,1/10/2024,13,forecast
wind,green,QLD,1/10/2024,13,forecast
wind,green,SA,1/10/2024,13,forecast
baseload,black,NSW,1/11/2024,90,forecast
baseload,black,VIC,1/11/2024,94,forecast
baseload,black,QLD,1/11/2024,76,forecast
baseload,black,SA,1/11/2024,95,forecast
solar,black,NSW,1/11/2024,48,forecast
solar,black,VIC,1/11/2024,52,forecast
solar,black,QLD,1/11/2024,29,forecast
solar,black,SA,1/11/2024,55,forecast
solar,green,NSW,1/11/2024,13,forecast
solar,green,VIC,1/11/2024,13,forecast
solar,green,QLD,1/11/2024,13,forecast
solar,green,SA,1/11/2024,13,forecast
wind,black,NSW,1/11/2024,84,forecast
wind,black,VIC,1/11/2024,77,forecast
wind,black,QLD,1/11/2024,75,forecast
wind,black,SA,1/11/2024,75,forecast
wind,green,NSW,1/11/2024,13,forecast
wind,green,VIC,1/11/2024,13,forecast
wind,green,QLD,1/11/2024,13,forecast
wind,green,SA,1/11/2024,13,forecast
baseload,black,NSW,1/12/2024,90,forecast
baseload,black,VIC,1/12/2024,94,forecast
baseload,black,QLD,1/12/2024,76,forecast
baseload,black,SA,1/12/2024,95,forecast
solar,black,NSW,1/12/2024,48,forecast
solar,black,VIC,1/12/2024,52,forecast
solar,black,QLD,1/12/2024,29,forecast
solar,black,SA,1/12/2024,55,forecast
solar,green,NSW,1/12/2024,13,forecast
solar,green,VIC,1/12/2024,13,forecast
solar,green,QLD,1/12/2024,13,forecast
solar,green,SA,1/12/2024,13,forecast
wind,black,NSW,1/12/2024,84,forecast
wind,black,VIC,1/12/2024,77,forecast
wind,black,QLD,1/12/2024,75,forecast
wind,black,SA,1/12/2024,75,forecast
wind,green,NSW,1/12/2024,13,forecast
wind,green,VIC,1/12/2024,13,forecast
wind,green,QLD,1/12/2024,13,forecast
wind,green,SA,1/12/2024,13,forecast
baseload,black,NSW,1/01/2025,90,forecast
baseload,black,VIC,1/01/2025,94,forecast
baseload,black,QLD,1/01/2025,76,forecast
baseload,black,SA,1/01/2025,95,forecast
solar,black,NSW,1/01/2025,48,forecast
solar,black,VIC,1/01/2025,52,forecast
solar,black,QLD,1/01/2025,29,forecast
solar,black,SA,1/01/2025,55,forecast
solar,green,NSW,1/01/2025,13,forecast
solar,green,VIC,1/01/2025,13,forecast
solar,green,QLD,1/01/2025,13,forecast
solar,green,SA,1/01/2025,13,forecast
wind,black,NSW,1/01/2025,84,forecast
wind,black,VIC,1/01/2025,77,forecast
wind,black,QLD,1/01/2025,75,forecast
wind,black,SA,1/01/2025,75,forecast
wind,green,NSW,1/01/2025,13,forecast
wind,green,VIC,1/01/2025,13,forecast
wind,green,QLD,1/01/2025,13,forecast
wind,green,SA,1/01/2025,13,forecast
